Index,S1,S2,S3,S4,S5,S6,S7,S8,S9
205,"帮助性: 5  
连贯性: 5  
同理心: 5  
指导性: 5","帮助性: 5  
连贯性: 5  
同理心: 5  
指导性: 5","帮助性: 5  
连贯性: 5  
同理心: 5  
指导性: 5","帮助性: 5  
连贯性: 5  
同理心: 5  
指导性: 5","帮助性: 5  
连贯性: 5  
同理心: 5  
指导性: 5","帮助性: 5  
连贯性: 5  
同理心: 5  
指导性: 5",,,
206,"帮助性: 5  
连贯性: 5  
同理心: 5  
指导性: 5","帮助性: 5  
连贯性: 5  
同理心: 5  
指导性: 5","帮助性: 5  
连贯性: 5  
同理心: 5  
指导性: 5","帮助性: 5  
连贯性: 5  
同理心: 5  
指导性: 5","帮助性: 5  
连贯性: 5  
同理心: 5  
指导性: 5","帮助性: 5  
连贯性: 5  
同理心: 5  
指导性: 5",,,
207,"帮助性: 5  
连贯性: 5  
同理心: 5  
指导性: 5","帮助性: 5  
连贯性: 5  
同理心: 5  
指导性: 5","帮助性: 5  
连贯性: 5  
同理心: 5  
指导性: 5","帮助性: 5  
连贯性: 5  
同理心: 5  
指导性: 5","帮助性: 5
连贯性: 5
同理心: 5
指导性: 5","帮助性: 5  
连贯性: 5  
同理心: 5  
指导性: 5",,,
208,"帮助性: 5  
连贯性: 5  
同理心: 5  
指导性: 5","帮助性: 5  
连贯性: 5  
同理心: 5  
指导性: 5","帮助性: 5  
连贯性: 5  
同理心: 5  
指导性: 5","帮助性: 5  
连贯性: 5  
同理心: 5  
指导性: 5","帮助性: 5  
连贯性: 5  
同理心: 5  
指导性: 5","帮助性: 5  
连贯性: 5  
同理心: 5  
指导性: 5",,,
209,"帮助性: 5  
连贯性: 5  
同理心: 5  
指导性: 5","帮助性: 5  
连贯性: 5  
同理心: 5  
指导性: 5","帮助性: 5  
连贯性: 5  
同理心: 5  
指导性: 5","帮助性: 5  
连贯性: 5  
同理心: 5  
指导性: 5","帮助性: 5  
连贯性: 5  
同理心: 5  
指导性: 5","帮助性: 5  
连贯性: 5  
同理心: 5  
指导性: 5",,,
210,"帮助性: 5  
连贯性: 5  
同理心: 5  
指导性: 5","帮助性: 5  
连贯性: 5  
同理心: 5  
指导性: 5","帮助性: 5  
连贯性: 5  
同理心: 5  
指导性: 5","帮助性: 5  
连贯性: 5  
同理心: 5  
指导性: 5","帮助性: 5  
连贯性: 5  
同理心: 5  
指导性: 5","帮助性: 5  
连贯性: 5  
同理心: 5  
指导性: 5",,,
211,"帮助性: 5  
连贯性: 5  
同理心: 5  
指导性: 5","帮助性: 5  
连贯性: 5  
同理心: 5  
指导性: 5","帮助性: 5  
连贯性: 5  
同理心: 5  
指导性: 5","帮助性: 5  
连贯性: 5  
同理心: 5  
指导性: 5","帮助性: 5
连贯性: 5
同理心: 5
指导性: 5","帮助性: 5  
连贯性: 5  
同理心: 5  
指导性: 5",,,
212,"帮助性: 5  
连贯性: 5  
同理心: 5  
指导性: 5","帮助性: 5  
连贯性: 5  
同理心: 5  
指导性: 5","帮助性: 5  
连贯性: 5  
同理心: 5  
指导性: 5","帮助性: 5  
连贯性: 5  
同理心: 5  
指导性: 5","帮助性: 5  
连贯性: 5  
同理心: 5  
指导性: 5","帮助性: 5  
连贯性: 5  
同理心: 5  
指导性: 5",,,
213,"帮助性: 5  
连贯性: 5  
同理心: 5  
指导性: 5","帮助性: 5  
连贯性: 5  
同理心: 5  
指导性: 5","帮助性: 5  
连贯性: 5  
同理心: 5  
指导性: 5","帮助性: 5  
连贯性: 5  
同理心: 5  
指导性: 5","帮助性: 5  
连贯性: 5  
同理心: 5  
指导性: 5","帮助性: 5  
连贯性: 5  
同理心: 5  
指导性: 5",,,
214,"帮助性: 5  
连贯性: 5  
同理心: 5  
指导性: 5","帮助性: 5  
连贯性: 5  
同理心: 5  
指导性: 5","帮助性: 5  
连贯性: 5  
同理心: 5  
指导性: 5","帮助性: 5  
连贯性: 5  
同理心: 5  
指导性: 5","帮助性: 4  
连贯性: 5  
同理心: 5  
指导性: 4","帮助性: 5  
连贯性: 5  
同理心: 5  
指导性: 5",,,
215,"帮助性: 5  
连贯性: 5  
同理心: 5  
指导性: 5","帮助性: 5  
连贯性: 5  
同理心: 5  
指导性: 5","帮助性: 5  
连贯性: 5  
同理心: 5  
指导性: 5","帮助性: 5  
连贯性: 5  
同理心: 5  
指导性: 5","帮助性: 5  
连贯性: 5  
同理心: 5  
指导性: 5","帮助性: 5  
连贯性: 5  
同理心: 5  
指导性: 5",,,
216,"帮助性: 5  
连贯性: 5  
同理心: 5  
指导性: 5","帮助性: 5  
连贯性: 5  
同理心: 5  
指导性: 5","帮助性: 5  
连贯性: 5  
同理心: 5  
指导性: 5","帮助性: 5  
连贯性: 5  
同理心: 5  
指导性: 5","帮助性: 5  
连贯性: 5  
同理心: 5  
指导性: 5","帮助性: 5  
连贯性: 5  
同理心: 5  
指导性: 5",,,
217,"帮助性: 5  
连贯性: 5  
同理心: 5  
指导性: 5","帮助性: 5  
连贯性: 5  
同理心: 5  
指导性: 5","帮助性: 4  
连贯性: 5  
同理心: 5  
指导性: 4","帮助性: 5  
连贯性: 5  
同理心: 5  
指导性: 5","帮助性: 5  
连贯性: 5  
同理心: 5  
指导性: 5","帮助性: 5  
连贯性: 5  
同理心: 5  
指导性: 5",,,
218,"帮助性: 5  
连贯性: 5  
同理心: 5  
指导性: 5","帮助性: 5  
连贯性: 5  
同理心: 5  
指导性: 5","帮助性: 5  
连贯性: 5  
同理心: 5  
指导性: 5","帮助性: 5
连贯性: 5
同理心: 5
指导性: 5","帮助性: 5  
连贯性: 5  
同理心: 5  
指导性: 5","帮助性: 5  
连贯性: 5  
同理心: 5  
指导性: 5",,,
219,"帮助性: 5  
连贯性: 5  
同理心: 5  
指导性: 5","帮助性: 5  
连贯性: 5  
同理心: 5  
指导性: 5","帮助性: 5  
连贯性: 5  
同理心: 5  
指导性: 5","帮助性: 5  
连贯性: 5  
同理心: 5  
指导性: 5","帮助性: 5  
连贯性: 5  
同理心: 5  
指导性: 5","帮助性: 5  
连贯性: 5  
同理心: 5  
指导性: 5",,,
220,"帮助性: 5  
连贯性: 5  
同理心: 5  
指导性: 5","帮助性: 5  
连贯性: 5  
同理心: 5  
指导性: 5","帮助性: 5  
连贯性: 5  
同理心: 5  
指导性: 5","帮助性: 5  
连贯性: 5  
同理心: 5  
指导性: 5","帮助性: 5  
连贯性: 5  
同理心: 5  
指导性: 5","帮助性: 5  
连贯性: 5  
同理心: 5  
指导性: 5",,,
221,"帮助性: 5  
连贯性: 5  
同理心: 5  
指导性: 5","帮助性: 5  
连贯性: 5  
同理心: 5  
指导性: 5","帮助性: 5  
连贯性: 5  
同理心: 5  
指导性: 5","帮助性: 5  
连贯性: 5  
同理心: 5  
指导性: 5","帮助性: 4  
连贯性: 5  
同理心: 5  
指导性: 4","帮助性: 5  
连贯性: 5  
同理心: 5  
指导性: 5",,,
222,"帮助性: 5  
连贯性: 5  
同理心: 5  
指导性: 5","帮助性: 5  
连贯性: 5  
同理心: 5  
指导性: 5","帮助性: 5  
连贯性: 5  
同理心: 5  
指导性: 5","帮助性: 5  
连贯性: 5  
同理心: 5  
指导性: 5","帮助性: 5  
连贯性: 5  
同理心: 5  
指导性: 5","帮助性: 5  
连贯性: 5  
同理心: 5  
指导性: 5",,,
223,"帮助性: 5  
连贯性: 5  
同理心: 5  
指导性: 5","帮助性: 5  
连贯性: 5  
同理心: 5  
指导性: 5","帮助性: 5  
连贯性: 5  
同理心: 5  
指导性: 5","帮助性: 5  
连贯性: 5  
同理心: 5  
指导性: 5","帮助性: 5  
连贯性: 5  
同理心: 5  
指导性: 5","帮助性: 5  
连贯性: 5  
同理心: 5  
指导性: 5",,,
224,"帮助性: 5  
连贯性: 5  
同理心: 5  
指导性: 5","帮助性: 5  
连贯性: 5  
同理心: 5  
指导性: 5","帮助性: 5  
连贯性: 5  
同理心: 5  
指导性: 5","帮助性: 5  
连贯性: 5  
同理心: 5  
指导性: 5","帮助性: 4  
连贯性: 5  
同理心: 5  
指导性: 4","帮助性: 5
连贯性: 5
同理心: 5
指导性: 5",,,
225,"帮助性: 5  
连贯性: 5  
同理心: 5  
指导性: 5","帮助性: 5  
连贯性: 5  
同理心: 5  
指导性: 5","帮助性: 5  
连贯性: 5  
同理心: 5  
指导性: 5","帮助性: 5  
连贯性: 5  
同理心: 5  
指导性: 5","帮助性: 5  
连贯性: 5  
同理心: 5  
指导性: 5","帮助性: 5  
连贯性: 5  
同理心: 5  
指导性: 5",,,
226,"帮助性: 5  
连贯性: 5  
同理心: 5  
指导性: 5","帮助性: 5  
连贯性: 5  
同理心: 5  
指导性: 5","帮助性: 5  
连贯性: 5  
同理心: 5  
指导性: 5","帮助性: 5  
连贯性: 5  
同理心: 5  
指导性: 5","帮助性: 5  
连贯性: 5  
同理心: 5  
指导性: 5","帮助性: 4  
连贯性: 5  
同理心: 5  
指导性: 4",,,
227,"帮助性: 5  
连贯性: 5  
同理心: 5  
指导性: 5","帮助性: 5  
连贯性: 5  
同理心: 5  
指导性: 5","帮助性: 5  
连贯性: 5  
同理心: 5  
指导性: 5","帮助性: 5  
连贯性: 5  
同理心: 5  
指导性: 5","帮助性: 5  
连贯性: 5  
同理心: 5  
指导性: 5","帮助性: 5  
连贯性: 5  
同理心: 5  
指导性: 5",,,
228,"帮助性: 5  
连贯性: 5  
同理心: 5  
指导性: 5","帮助性: 5  
连贯性: 5  
同理心: 5  
指导性: 5","帮助性: 5  
连贯性: 5  
同理心: 5  
指导性: 5","帮助性: 5  
连贯性: 5  
同理心: 5  
指导性: 4","帮助性: 5  
连贯性: 5  
同理心: 5  
指导性: 5","帮助性: 5  
连贯性: 5  
同理心: 5  
指导性: 5",,,
229,"帮助性: 5  
连贯性: 5  
同理心: 5  
指导性: 5","帮助性: 5  
连贯性: 5  
同理心: 5  
指导性: 5","帮助性: 5  
连贯性: 5  
同理心: 5  
指导性: 5","帮助性: 5  
连贯性: 5  
同理心: 5  
指导性: 5",,,,,
230,"帮助性: 5  
连贯性: 5  
同理心: 5  
指导性: 5","帮助性: 5  
连贯性: 5  
同理心: 5  
指导性: 5","帮助性: 5  
连贯性: 5  
同理心: 5  
指导性: 5","帮助性: 5  
连贯性: 5  
同理心: 5  
指导性: 5","帮助性: 5  
连贯性: 5  
同理心: 5  
指导性: 5","帮助性: 5  
连贯性: 5  
同理心: 5  
指导性: 5",,,
231,"帮助性: 5  
连贯性: 5  
同理心: 5  
指导性: 5","帮助性: 5  
连贯性: 5  
同理心: 5  
指导性: 5","帮助性: 5  
连贯性: 5  
同理心: 5  
指导性: 5","帮助性: 5  
连贯性: 5  
同理心: 5  
指导性: 5","帮助性: 5  
连贯性: 5  
同理心: 5  
指导性: 5","帮助性: 5  
连贯性: 5  
同理心: 5  
指导性: 5",,,
232,"帮助性: 5  
连贯性: 5  
同理心: 5  
指导性: 5","帮助性: 5  
连贯性: 5  
同理心: 5  
指导性: 5","帮助性: 5  
连贯性: 5  
同理心: 5  
指导性: 5","帮助性: 5  
连贯性: 5  
同理心: 5  
指导性: 5","帮助性: 5  
连贯性: 5  
同理心: 5  
指导性: 5","帮助性: 5  
连贯性: 5  
同理心: 5  
指导性: 5",,,
233,"帮助性: 5  
连贯性: 5  
同理心: 5  
指导性: 5","帮助性: 5  
连贯性: 5  
同理心: 5  
指导性: 5","帮助性: 5  
连贯性: 5  
同理心: 5  
指导性: 5","帮助性: 5  
连贯性: 5  
同理心: 5  
指导性: 5","帮助性: 5  
连贯性: 5  
同理心: 5  
指导性: 5","帮助性: 5  
连贯性: 5  
同理心: 5  
指导性: 5",,,
234,"帮助性: 5  
连贯性: 5  
同理心: 5  
指导性: 5","帮助性: 5  
连贯性: 5  
同理心: 5  
指导性: 5","帮助性: 5  
连贯性: 5  
同理心: 5  
指导性: 5","帮助性: 5  
连贯性: 5  
同理心: 5  
指导性: 5","帮助性: 5  
连贯性: 5  
同理心: 5  
指导性: 5","帮助性: 5  
连贯性: 5  
同理心: 5  
指导性: 5",,,
235,"帮助性: 5  
连贯性: 5  
同理心: 5  
指导性: 5","帮助性: 5  
连贯性: 5  
同理心: 5  
指导性: 5","帮助性: 5  
连贯性: 5  
同理心: 5  
指导性: 5","帮助性: 5  
连贯性: 5  
同理心: 5  
指导性: 5","帮助性: 5  
连贯性: 5  
同理心: 5  
指导性: 5","帮助性: 5  
连贯性: 5  
同理心: 5  
指导性: 5",,,
236,"帮助性: 5  
连贯性: 5  
同理心: 5  
指导性: 5","帮助性: 5  
连贯性: 5  
同理心: 5  
指导性: 5","帮助性: 5  
连贯性: 5  
同理心: 5  
指导性: 5","帮助性: 5  
连贯性: 5  
同理心: 5  
指导性: 5","帮助性: 5  
连贯性: 5  
同理心: 5  
指导性: 5","帮助性: 5  
连贯性: 5  
同理心: 5  
指导性: 5",,,
237,"帮助性: 5  
连贯性: 5  
同理心: 5  
指导性: 5","帮助性: 5  
连贯性: 5  
同理心: 5  
指导性: 5","帮助性: 5  
连贯性: 5  
同理心: 5  
指导性: 5","帮助性: 5  
连贯性: 5  
同理心: 5  
指导性: 5","帮助性: 5  
连贯性: 5  
同理心: 5  
指导性: 5","帮助性: 5  
连贯性: 5  
同理心: 5  
指导性: 5",,,
238,"帮助性: 5  
连贯性: 5  
同理心: 5  
指导性: 5","帮助性: 5  
连贯性: 5  
同理心: 5  
指导性: 5","帮助性: 5  
连贯性: 5  
同理心: 5  
指导性: 5","帮助性: 5  
连贯性: 5  
同理心: 5  
指导性: 5","帮助性: 5  
连贯性: 5  
同理心: 5  
指导性: 5","帮助性: 5  
连贯性: 5  
同理心: 5  
指导性: 5",,,
239,"帮助性: 5  
连贯性: 5  
同理心: 5  
指导性: 5","帮助性: 5  
连贯性: 5  
同理心: 5  
指导性: 5","帮助性: 5  
连贯性: 5  
同理心: 5  
指导性: 5","帮助性: 5  
连贯性: 5  
同理心: 5  
指导性: 5","帮助性: 5  
连贯性: 5  
同理心: 5  
指导性: 5","帮助性: 5  
连贯性: 5  
同理心: 5  
指导性: 5",,,
240,"帮助性: 5  
连贯性: 5  
同理心: 5  
指导性: 5","帮助性: 5  
连贯性: 5  
同理心: 5  
指导性: 5","帮助性: 5  
连贯性: 5  
同理心: 5  
指导性: 5","帮助性: 5  
连贯性: 5  
同理心: 5  
指导性: 5","帮助性: 5  
连贯性: 5  
同理心: 5  
指导性: 5","帮助性: 5  
连贯性: 5  
同理心: 5  
指导性: 5",,,
241,"帮助性: 5  
连贯性: 5  
同理心: 5  
指导性: 5","帮助性: 5  
连贯性: 5  
同理心: 5  
指导性: 5","帮助性: 5  
连贯性: 5  
同理心: 5  
指导性: 5","帮助性: 5  
连贯性: 5  
同理心: 5  
指导性: 5","帮助性: 5  
连贯性: 5  
同理心: 5  
指导性: 5","帮助性: 5  
连贯性: 5  
同理心: 5  
指导性: 5",,,
242,"帮助性: 5  
连贯性: 5  
同理心: 5  
指导性: 5","帮助性: 5  
连贯性: 5  
同理心: 5  
指导性: 5","帮助性: 5  
连贯性: 5  
同理心: 5  
指导性: 5","帮助性: 5  
连贯性: 5  
同理心: 5  
指导性: 5","帮助性: 5  
连贯性: 5  
同理心: 5  
指导性: 5","帮助性: 5  
连贯性: 5  
同理心: 5  
指导性: 5",,,
243,"帮助性: 5  
连贯性: 5  
同理心: 5  
指导性: 5","帮助性: 5
连贯性: 5
同理心: 5
指导性: 5","帮助性: 5  
连贯性: 5  
同理心: 5  
指导性: 5","帮助性: 5  
连贯性: 5  
同理心: 5  
指导性: 5","帮助性: 5  
连贯性: 5  
同理心: 5  
指导性: 5","帮助性: 5  
连贯性: 5  
同理心: 5  
指导性: 5",,,
244,"帮助性: 5  
连贯性: 5  
同理心: 5  
指导性: 5","帮助性: 5  
连贯性: 5  
同理心: 5  
指导性: 5","帮助性: 5  
连贯性: 5  
同理心: 5  
指导性: 5","帮助性: 5  
连贯性: 5  
同理心: 5  
指导性: 5","帮助性: 5  
连贯性: 5  
同理心: 5  
指导性: 5","帮助性: 5  
连贯性: 5  
同理心: 5  
指导性: 5",,,
245,"帮助性: 5  
连贯性: 5  
同理心: 5  
指导性: 4","帮助性: 5  
连贯性: 5  
同理心: 5  
指导性: 5","帮助性: 5  
连贯性: 5  
同理心: 5  
指导性: 5","帮助性: 5  
连贯性: 5  
同理心: 5  
指导性: 5","帮助性: 5  
连贯性: 5  
同理心: 5  
指导性: 5","帮助性: 5  
连贯性: 5  
同理心: 5  
指导性: 5",,,
246,"帮助性: 5  
连贯性: 5  
同理心: 5  
指导性: 5","帮助性: 5  
连贯性: 5  
同理心: 5  
指导性: 5","帮助性: 5  
连贯性: 5  
同理心: 5  
指导性: 5","帮助性: 5  
连贯性: 5  
同理心: 5  
指导性: 5","帮助性: 5  
连贯性: 5  
同理心: 5  
指导性: 5","帮助性: 5  
连贯性: 5  
同理心: 5  
指导性: 5",,,
247,"帮助性: 5  
连贯性: 5  
同理心: 5  
指导性: 5","帮助性: 5  
连贯性: 5  
同理心: 5  
指导性: 5","帮助性: 5  
连贯性: 5  
同理心: 5  
指导性: 5","帮助性: 5  
连贯性: 5  
同理心: 5  
指导性: 5","帮助性: 5  
连贯性: 5  
同理心: 5  
指导性: 5","帮助性: 5  
连贯性: 5  
同理心: 5  
指导性: 5",,,
248,"帮助性: 5  
连贯性: 5  
同理心: 5  
指导性: 5","帮助性: 5
连贯性: 5
同理心: 5
指导性: 5","帮助性: 5  
连贯性: 5  
同理心: 5  
指导性: 5","帮助性: 5  
连贯性: 5  
同理心: 5  
指导性: 5","帮助性: 5  
连贯性: 5  
同理心: 5  
指导性: 5","帮助性: 5  
连贯性: 5  
同理心: 5  
指导性: 5",,,
249,"帮助性: 5  
连贯性: 5  
同理心: 5  
指导性: 5","帮助性: 5  
连贯性: 5  
同理心: 5  
指导性: 5","帮助性: 5  
连贯性: 5  
同理心: 5  
指导性: 5","帮助性: 5  
连贯性: 5  
同理心: 5  
指导性: 5","帮助性: 4  
连贯性: 5  
同理心: 5  
指导性: 4","帮助性: 5  
连贯性: 5  
同理心: 5  
指导性: 5",,,
250,"帮助性: 5  
连贯性: 5  
同理心: 5  
指导性: 5","帮助性: 5  
连贯性: 5  
同理心: 5  
指导性: 5","帮助性: 5  
连贯性: 5  
同理心: 5  
指导性: 5","帮助性: 5  
连贯性: 5  
同理心: 5  
指导性: 5","帮助性: 5  
连贯性: 5  
同理心: 5  
指导性: 5","帮助性: 5  
连贯性: 5  
同理心: 5  
指导性: 5",,,
251,"帮助性: 5  
连贯性: 5  
同理心: 5  
指导性: 5","帮助性: 5  
连贯性: 5  
同理心: 5  
指导性: 5","帮助性: 5  
连贯性: 5  
同理心: 5  
指导性: 5","帮助性: 5  
连贯性: 5  
同理心: 5  
指导性: 5","帮助性: 5  
连贯性: 5  
同理心: 5  
指导性: 5","帮助性: 5  
连贯性: 5  
同理心: 5  
指导性: 5",,,
252,"帮助性: 5  
连贯性: 5  
同理心: 5  
指导性: 5","帮助性: 5  
连贯性: 5  
同理心: 5  
指导性: 5","帮助性: 5  
连贯性: 5  
同理心: 5  
指导性: 5","帮助性: 5  
连贯性: 5  
同理心: 5  
指导性: 5","帮助性: 5  
连贯性: 5  
同理心: 5  
指导性: 5","帮助性: 5  
连贯性: 5  
同理心: 5  
指导性: 5",,,
253,"帮助性: 5  
连贯性: 5  
同理心: 5  
指导性: 5","帮助性: 5  
连贯性: 5  
同理心: 5  
指导性: 5","帮助性: 5  
连贯性: 5  
同理心: 5  
指导性: 5","帮助性: 5  
连贯性: 5  
同理心: 5  
指导性: 5","帮助性: 5  
连贯性: 5  
同理心: 5  
指导性: 5","帮助性: 5  
连贯性: 5  
同理心: 5  
指导性: 5",,,
254,"帮助性: 5  
连贯性: 5  
同理心: 5  
指导性: 5","帮助性: 5  
连贯性: 5  
同理心: 5  
指导性: 5","帮助性: 5  
连贯性: 5  
同理心: 5  
指导性: 5","帮助性: 5
连贯性: 5
同理心: 5
指导性: 5","帮助性: 5  
连贯性: 5  
同理心: 5  
指导性: 5","帮助性: 5  
连贯性: 5  
同理心: 5  
指导性: 5",,,
255,"帮助性: 5  
连贯性: 5  
同理心: 5  
指导性: 5","帮助性: 5  
连贯性: 5  
同理心: 5  
指导性: 5","帮助性: 5  
连贯性: 5  
同理心: 5  
指导性: 5","帮助性: 5  
连贯性: 5  
同理心: 5  
指导性: 4","帮助性: 5  
连贯性: 5  
同理心: 5  
指导性: 5","帮助性: 5  
连贯性: 5  
同理心: 5  
指导性: 5",,,
256,"帮助性: 5  
连贯性: 5  
同理心: 5  
指导性: 5","帮助性: 5  
连贯性: 5  
同理心: 5  
指导性: 5","帮助性: 5  
连贯性: 5  
同理心: 5  
指导性: 5","帮助性: 5  
连贯性: 5  
同理心: 5  
指导性: 5","帮助性: 5  
连贯性: 5  
同理心: 5  
指导性: 5","帮助性: 5  
连贯性: 5  
同理心: 5  
指导性: 5",,,
257,"帮助性: 5  
连贯性: 5  
同理心: 5  
指导性: 5","帮助性: 5  
连贯性: 5  
同理心: 5  
指导性: 5","帮助性: 5  
连贯性: 5  
同理心: 5  
指导性: 5","帮助性: 5  
连贯性: 5  
同理心: 5  
指导性: 5","帮助性: 5  
连贯性: 5  
同理心: 5  
指导性: 5","帮助性: 5  
连贯性: 5  
同理心: 5  
指导性: 5",,,
258,"帮助性: 5  
连贯性: 5  
同理心: 5  
指导性: 5","帮助性: 5  
连贯性: 5  
同理心: 5  
指导性: 5","帮助性: 5  
连贯性: 5  
同理心: 5  
指导性: 5","帮助性: 5  
连贯性: 5  
同理心: 5  
指导性: 5","帮助性: 5  
连贯性: 5  
同理心: 5  
指导性: 5","帮助性: 5  
连贯性: 5  
同理心: 5  
指导性: 5",,,
259,"帮助性: 5  
连贯性: 5  
同理心: 5  
指导性: 5","帮助性: 5  
连贯性: 5  
同理心: 5  
指导性: 5","帮助性: 5  
连贯性: 5  
同理心: 5  
指导性: 5","帮助性: 5  
连贯性: 5  
同理心: 5  
指导性: 5","帮助性: 5  
连贯性: 5  
同理心: 5  
指导性: 5","帮助性: 5  
连贯性: 5  
同理心: 5  
指导性: 5",,,
260,"帮助性: 5  
连贯性: 5  
同理心: 5  
指导性: 5","帮助性: 5  
连贯性: 5  
同理心: 5  
指导性: 5","帮助性: 5  
连贯性: 4  
同理心: 5  
指导性: 5","帮助性: 5  
连贯性: 5  
同理心: 5  
指导性: 5","帮助性: 5  
连贯性: 5  
同理心: 5  
指导性: 5","帮助性: 5  
连贯性: 5  
同理心: 5  
指导性: 5",,,
261,"帮助性: 5  
连贯性: 5  
同理心: 5  
指导性: 5","帮助性: 5  
连贯性: 5  
同理心: 5  
指导性: 5","帮助性: 5  
连贯性: 5  
同理心: 5  
指导性: 5","帮助性: 5  
连贯性: 5  
同理心: 5  
指导性: 5","帮助性: 5  
连贯性: 5  
同理心: 5  
指导性: 5","帮助性: 5  
连贯性: 5  
同理心: 5  
指导性: 5",,,
262,"帮助性: 5  
连贯性: 5  
同理心: 5  
指导性: 5","帮助性: 5  
连贯性: 5  
同理心: 5  
指导性: 5","帮助性: 5  
连贯性: 5  
同理心: 5  
指导性: 5","帮助性: 5  
连贯性: 5  
同理心: 5  
指导性: 5","帮助性: 5  
连贯性: 4  
同理心: 5  
指导性: 5","帮助性: 5  
连贯性: 5  
同理心: 5  
指导性: 5",,,
263,"帮助性: 5  
连贯性: 5  
同理心: 5  
指导性: 5","帮助性: 5  
连贯性: 5  
同理心: 5  
指导性: 5","帮助性: 5  
连贯性: 5  
同理心: 5  
指导性: 5","帮助性: 5  
连贯性: 5  
同理心: 5  
指导性: 5","帮助性: 5  
连贯性: 5  
同理心: 5  
指导性: 5","帮助性: 5  
连贯性: 5  
同理心: 5  
指导性: 5",,,
264,"帮助性: 5  
连贯性: 5  
同理心: 5  
指导性: 5","帮助性: 5  
连贯性: 5  
同理心: 5  
指导性: 5","帮助性: 5  
连贯性: 5  
同理心: 5  
指导性: 5","帮助性: 5  
连贯性: 5  
同理心: 5  
指导性: 5","帮助性: 5  
连贯性: 5  
同理心: 5  
指导性: 5","帮助性: 5  
连贯性: 5  
同理心: 5  
指导性: 5",,,
265,"帮助性: 5  
连贯性: 5  
同理心: 5  
指导性: 5","帮助性: 5
连贯性: 5
同理心: 5
指导性: 5","帮助性: 5  
连贯性: 5  
同理心: 5  
指导性: 5","帮助性: 5  
连贯性: 5  
同理心: 5  
指导性: 5","帮助性: 5  
连贯性: 5  
同理心: 5  
指导性: 5","帮助性: 5  
连贯性: 5  
同理心: 5  
指导性: 5",,,
266,"帮助性: 5  
连贯性: 5  
同理心: 5  
指导性: 5","帮助性: 5  
连贯性: 5  
同理心: 5  
指导性: 5","帮助性: 5  
连贯性: 5  
同理心: 5  
指导性: 5","帮助性: 5
连贯性: 5
同理心: 5
指导性: 5","帮助性: 5  
连贯性: 5  
同理心: 5  
指导性: 5","帮助性: 5  
连贯性: 5  
同理心: 5  
指导性: 5",,,
267,"帮助性: 5  
连贯性: 5  
同理心: 5  
指导性: 5","帮助性: 5  
连贯性: 5  
同理心: 5  
指导性: 5","帮助性: 5  
连贯性: 5  
同理心: 5  
指导性: 5","帮助性: 5  
连贯性: 5  
同理心: 5  
指导性: 5","帮助性: 5  
连贯性: 5  
同理心: 5  
指导性: 5","帮助性: 4  
连贯性: 5  
同理心: 5  
指导性: 4",,,
268,"帮助性: 5  
连贯性: 5  
同理心: 5  
指导性: 5","帮助性: 5  
连贯性: 5  
同理心: 5  
指导性: 5","帮助性: 5  
连贯性: 5  
同理心: 5  
指导性: 5","帮助性: 5  
连贯性: 5  
同理心: 5  
指导性: 5","帮助性: 5  
连贯性: 5  
同理心: 5  
指导性: 5","帮助性: 5  
连贯性: 5  
同理心: 5  
指导性: 5",,,
269,"帮助性: 5  
连贯性: 5  
同理心: 5  
指导性: 5","帮助性: 5  
连贯性: 5  
同理心: 5  
指导性: 5","帮助性: 5  
连贯性: 5  
同理心: 5  
指导性: 5","帮助性: 5  
连贯性: 5  
同理心: 5  
指导性: 5","帮助性: 5  
连贯性: 5  
同理心: 5  
指导性: 5","帮助性: 5  
连贯性: 5  
同理心: 5  
指导性: 5",,,
270,"帮助性: 5  
连贯性: 5  
同理心: 5  
指导性: 5","帮助性: 5  
连贯性: 5  
同理心: 5  
指导性: 5","帮助性: 5  
连贯性: 5  
同理心: 5  
指导性: 5","帮助性: 5  
连贯性: 5  
同理心: 5  
指导性: 5","帮助性: 5  
连贯性: 5  
同理心: 5  
指导性: 5","帮助性: 5  
连贯性: 5  
同理心: 5  
指导性: 5",,,
271,"帮助性: 5  
连贯性: 5  
同理心: 5  
指导性: 5","帮助性: 5  
连贯性: 5  
同理心: 5  
指导性: 5","帮助性: 5  
连贯性: 5  
同理心: 5  
指导性: 5","帮助性: 5  
连贯性: 5  
同理心: 5  
指导性: 5","帮助性: 5  
连贯性: 5  
同理心: 5  
指导性: 5","帮助性: 5  
连贯性: 5  
同理心: 5  
指导性: 5",,,
272,"帮助性: 5  
连贯性: 5  
同理心: 5  
指导性: 5","帮助性: 5  
连贯性: 5  
同理心: 5  
指导性: 5","帮助性: 5  
连贯性: 5  
同理心: 5  
指导性: 5","帮助性: 5
连贯性: 5
同理心: 5
指导性: 5","帮助性: 5  
连贯性: 5  
同理心: 5  
指导性: 5","帮助性: 5  
连贯性: 5  
同理心: 5  
指导性: 5",,,
273,"帮助性: 5  
连贯性: 5  
同理心: 5  
指导性: 5","帮助性: 5  
连贯性: 5  
同理心: 5  
指导性: 5","帮助性: 5  
连贯性: 5  
同理心: 5  
指导性: 5","帮助性: 5  
连贯性: 5  
同理心: 5  
指导性: 5","帮助性: 5  
连贯性: 5  
同理心: 5  
指导性: 5","帮助性: 5  
连贯性: 5  
同理心: 5  
指导性: 5",,,
274,"帮助性: 5  
连贯性: 5  
同理心: 5  
指导性: 5","帮助性: 5  
连贯性: 5  
同理心: 5  
指导性: 5","帮助性: 5  
连贯性: 5  
同理心: 5  
指导性: 5","帮助性: 5  
连贯性: 5  
同理心: 5  
指导性: 5","帮助性: 5  
连贯性: 5  
同理心: 5  
指导性: 5","帮助性: 5  
连贯性: 5  
同理心: 5  
指导性: 5",,,
275,"帮助性: 5  
连贯性: 5  
同理心: 5  
指导性: 5","帮助性: 5  
连贯性: 5  
同理心: 5  
指导性: 5","帮助性: 5  
连贯性: 5  
同理心: 5  
指导性: 5","帮助性: 5  
连贯性: 5  
同理心: 5  
指导性: 5","帮助性: 5  
连贯性: 5  
同理心: 5  
指导性: 5","帮助性: 5  
连贯性: 5  
同理心: 5  
指导性: 5",,,
276,"帮助性: 5  
连贯性: 5  
同理心: 5  
指导性: 5","帮助性: 5  
连贯性: 5  
同理心: 5  
指导性: 5","帮助性: 5  
连贯性: 5  
同理心: 5  
指导性: 5","帮助性: 5  
连贯性: 5  
同理心: 5  
指导性: 5","帮助性: 5  
连贯性: 5  
同理心: 5  
指导性: 5","帮助性: 5  
连贯性: 5  
同理心: 5  
指导性: 5",,,
277,"帮助性: 5  
连贯性: 5  
同理心: 5  
指导性: 5","帮助性: 5  
连贯性: 5  
同理心: 5  
指导性: 5","帮助性: 5  
连贯性: 5  
同理心: 5  
指导性: 5","帮助性: 5  
连贯性: 5  
同理心: 5  
指导性: 5","帮助性: 5  
连贯性: 5  
同理心: 5  
指导性: 5","帮助性: 5  
连贯性: 5  
同理心: 5  
指导性: 5",,,
278,"帮助性: 5  
连贯性: 5  
同理心: 5  
指导性: 5","帮助性: 5  
连贯性: 5  
同理心: 5  
指导性: 5","帮助性: 5  
连贯性: 5  
同理心: 5  
指导性: 5","帮助性: 5  
连贯性: 5  
同理心: 5  
指导性: 5","帮助性: 5  
连贯性: 5  
同理心: 5  
指导性: 5","帮助性: 5  
连贯性: 5  
同理心: 5  
指导性: 5",,,
279,"帮助性: 5  
连贯性: 5  
同理心: 5  
指导性: 5","帮助性: 5  
连贯性: 4  
同理心: 5  
指导性: 5","帮助性: 5  
连贯性: 5  
同理心: 5  
指导性: 5","帮助性: 5  
连贯性: 5  
同理心: 5  
指导性: 5","帮助性: 5  
连贯性: 5  
同理心: 5  
指导性: 5","帮助性: 5  
连贯性: 5  
同理心: 5  
指导性: 5",,,
280,"帮助性: 5  
连贯性: 5  
同理心: 5  
指导性: 5","帮助性: 5  
连贯性: 5  
同理心: 5  
指导性: 5","帮助性: 5  
连贯性: 5  
同理心: 5  
指导性: 5","帮助性: 5
连贯性: 5
同理心: 5
指导性: 5","帮助性: 5  
连贯性: 5  
同理心: 5  
指导性: 5","帮助性: 5  
连贯性: 5  
同理心: 5  
指导性: 5",,,
281,"帮助性: 5  
连贯性: 5  
同理心: 5  
指导性: 5","帮助性: 5  
连贯性: 5  
同理心: 5  
指导性: 5","帮助性: 5  
连贯性: 5  
同理心: 5  
指导性: 5","帮助性: 5  
连贯性: 5  
同理心: 5  
指导性: 5","帮助性: 5  
连贯性: 5  
同理心: 5  
指导性: 5","帮助性: 5  
连贯性: 5  
同理心: 5  
指导性: 5",,,
282,"帮助性: 5  
连贯性: 5  
同理心: 5  
指导性: 5","帮助性: 5  
连贯性: 5  
同理心: 5  
指导性: 5","帮助性: 5  
连贯性: 5  
同理心: 5  
指导性: 5","帮助性: 5  
连贯性: 5  
同理心: 5  
指导性: 5","帮助性: 5  
连贯性: 5  
同理心: 5  
指导性: 5","帮助性: 5  
连贯性: 5  
同理心: 5  
指导性: 5",,,
283,"帮助性: 5  
连贯性: 5  
同理心: 5  
指导性: 5","帮助性: 5  
连贯性: 5  
同理心: 5  
指导性: 5","帮助性: 5  
连贯性: 5  
同理心: 5  
指导性: 5","帮助性: 5  
连贯性: 5  
同理心: 5  
指导性: 5","帮助性: 5  
连贯性: 5  
同理心: 5  
指导性: 5","帮助性: 5  
连贯性: 5  
同理心: 5  
指导性: 5",,,
284,"帮助性: 5  
连贯性: 5  
同理心: 5  
指导性: 5","帮助性: 5  
连贯性: 5  
同理心: 5  
指导性: 5","帮助性: 5  
连贯性: 5  
同理心: 5  
指导性: 5","帮助性: 5  
连贯性: 5  
同理心: 5  
指导性: 5","帮助性: 5  
连贯性: 5  
同理心: 5  
指导性: 5","帮助性: 5  
连贯性: 5  
同理心: 5  
指导性: 5",,,
285,"帮助性: 5  
连贯性: 5  
同理心: 5  
指导性: 5","帮助性: 5  
连贯性: 5  
同理心: 5  
指导性: 5","帮助性: 5  
连贯性: 5  
同理心: 5  
指导性: 5","帮助性: 5  
连贯性: 5  
同理心: 5  
指导性: 5","帮助性: 5  
连贯性: 5  
同理心: 5  
指导性: 5","帮助性: 5  
连贯性: 5  
同理心: 5  
指导性: 5",,,
286,"帮助性: 5  
连贯性: 5  
同理心: 5  
指导性: 5","帮助性: 5  
连贯性: 5  
同理心: 5  
指导性: 5","帮助性: 5  
连贯性: 5  
同理心: 5  
指导性: 5","帮助性: 5  
连贯性: 5  
同理心: 5  
指导性: 5","帮助性: 5  
连贯性: 5  
同理心: 5  
指导性: 5","帮助性: 5  
连贯性: 5  
同理心: 5  
指导性: 5",,,
287,"帮助性: 5  
连贯性: 5  
同理心: 5  
指导性: 5","帮助性: 5  
连贯性: 5  
同理心: 5  
指导性: 5","帮助性: 5  
连贯性: 5  
同理心: 5  
指导性: 5","帮助性: 5  
连贯性: 5  
同理心: 5  
指导性: 5","帮助性: 5  
连贯性: 5  
同理心: 5  
指导性: 5","帮助性: 5  
连贯性: 5  
同理心: 5  
指导性: 5",,,
288,"帮助性: 5  
连贯性: 5  
同理心: 5  
指导性: 5","帮助性: 5  
连贯性: 5  
同理心: 5  
指导性: 5","帮助性: 5  
连贯性: 5  
同理心: 5  
指导性: 5","帮助性: 5  
连贯性: 5  
同理心: 5  
指导性: 5","帮助性: 5  
连贯性: 5  
同理心: 5  
指导性: 5","帮助性: 5  
连贯性: 5  
同理心: 5  
指导性: 5",,,
289,"帮助性: 5  
连贯性: 5  
同理心: 5  
指导性: 5","帮助性: 5  
连贯性: 5  
同理心: 5  
指导性: 5","帮助性: 5  
连贯性: 5  
同理心: 5  
指导性: 5","帮助性: 5  
连贯性: 5  
同理心: 5  
指导性: 5","帮助性: 5  
连贯性: 5  
同理心: 5  
指导性: 5","帮助性: 5  
连贯性: 5  
同理心: 5  
指导性: 5",,,
290,"帮助性: 5  
连贯性: 5  
同理心: 5  
指导性: 5","帮助性: 5  
连贯性: 5  
同理心: 5  
指导性: 5","帮助性: 5  
连贯性: 5  
同理心: 5  
指导性: 5","帮助性: 5  
连贯性: 5  
同理心: 5  
指导性: 5","帮助性: 5  
连贯性: 5  
同理心: 5  
指导性: 5","帮助性: 5  
连贯性: 5  
同理心: 5  
指导性: 5",,,
291,"帮助性: 5  
连贯性: 5  
同理心: 5  
指导性: 5","帮助性: 5  
连贯性: 5  
同理心: 5  
指导性: 5","帮助性: 5  
连贯性: 5  
同理心: 5  
指导性: 5","帮助性: 5  
连贯性: 5  
同理心: 5  
指导性: 5","帮助性: 5  
连贯性: 5  
同理心: 5  
指导性: 5","帮助性: 5  
连贯性: 5  
同理心: 5  
指导性: 5",,,
292,"帮助性: 5  
连贯性: 5  
同理心: 5  
指导性: 5","帮助性: 5  
连贯性: 5  
同理心: 5  
指导性: 5","帮助性: 5  
连贯性: 5  
同理心: 5  
指导性: 5","帮助性: 5  
连贯性: 5  
同理心: 5  
指导性: 5","帮助性: 5  
连贯性: 5  
同理心: 5  
指导性: 5","帮助性: 5  
连贯性: 5  
同理心: 5  
指导性: 5",,,
293,"帮助性: 5  
连贯性: 5  
同理心: 5  
指导性: 5","帮助性: 5  
连贯性: 5  
同理心: 5  
指导性: 5","帮助性: 5  
连贯性: 5  
同理心: 5  
指导性: 5","帮助性: 5  
连贯性: 5  
同理心: 5  
指导性: 5","帮助性: 5  
连贯性: 5  
同理心: 5  
指导性: 5","帮助性: 4  
连贯性: 5  
同理心: 5  
指导性: 4",,,
294,"帮助性: 5  
连贯性: 5  
同理心: 5  
指导性: 5","帮助性: 5  
连贯性: 5  
同理心: 5  
指导性: 5","帮助性: 5  
连贯性: 5  
同理心: 5  
指导性: 5","帮助性: 5  
连贯性: 5  
同理心: 5  
指导性: 5","帮助性: 5  
连贯性: 5  
同理心: 5  
指导性: 5","帮助性: 4  
连贯性: 5  
同理心: 5  
指导性: 4",,,
295,"帮助性: 5  
连贯性: 5  
同理心: 5  
指导性: 5","帮助性: 5  
连贯性: 5  
同理心: 5  
指导性: 5","帮助性: 5  
连贯性: 5  
同理心: 5  
指导性: 5","帮助性: 5  
连贯性: 5  
同理心: 5  
指导性: 5","帮助性: 5  
连贯性: 5  
同理心: 5  
指导性: 5","帮助性: 5  
连贯性: 5  
同理心: 5  
指导性: 5",,,
296,"帮助性: 5  
连贯性: 5  
同理心: 5  
指导性: 5","帮助性: 5  
连贯性: 5  
同理心: 5  
指导性: 5","帮助性: 5  
连贯性: 5  
同理心: 5  
指导性: 5","帮助性: 5  
连贯性: 5  
同理心: 5  
指导性: 5","帮助性: 5  
连贯性: 5  
同理心: 5  
指导性: 5","帮助性: 5  
连贯性: 5  
同理心: 5  
指导性: 5",,,
297,"帮助性: 5  
连贯性: 5  
同理心: 5  
指导性: 5","帮助性: 5  
连贯性: 5  
同理心: 5  
指导性: 5","帮助性: 5  
连贯性: 5  
同理心: 5  
指导性: 5","帮助性: 5  
连贯性: 5  
同理心: 5  
指导性: 5","帮助性: 5  
连贯性: 5  
同理心: 5  
指导性: 5","帮助性: 5  
连贯性: 5  
同理心: 5  
指导性: 5",,,
298,"帮助性: 5  
连贯性: 5  
同理心: 5  
指导性: 5","帮助性: 5  
连贯性: 5  
同理心: 5  
指导性: 5","帮助性: 5  
连贯性: 5  
同理心: 5  
指导性: 5","帮助性: 5  
连贯性: 5  
同理心: 5  
指导性: 5","帮助性: 5  
连贯性: 5  
同理心: 5  
指导性: 5","帮助性: 5  
连贯性: 5  
同理心: 5  
指导性: 5",,,
299,"帮助性: 5  
连贯性: 5  
同理心: 5  
指导性: 5","帮助性: 5  
连贯性: 5  
同理心: 5  
指导性: 5","帮助性: 5  
连贯性: 5  
同理心: 5  
指导性: 5","帮助性: 5  
连贯性: 5  
同理心: 5  
指导性: 5","帮助性: 5
连贯性: 5
同理心: 5
指导性: 5","帮助性: 5  
连贯性: 5  
同理心: 5  
指导性: 5",,,
300,"帮助性: 5  
连贯性: 5  
同理心: 5  
指导性: 5","帮助性: 5  
连贯性: 5  
同理心: 5  
指导性: 5","帮助性: 5  
连贯性: 5  
同理心: 5  
指导性: 5","帮助性: 5  
连贯性: 5  
同理心: 5  
指导性: 5","帮助性: 5  
连贯性: 5  
同理心: 5  
指导性: 5","帮助性: 5  
连贯性: 5  
同理心: 5  
指导性: 5",,,
301,"帮助性: 5  
连贯性: 5  
同理心: 5  
指导性: 5","帮助性: 5  
连贯性: 5  
同理心: 5  
指导性: 5","帮助性: 5  
连贯性: 5  
同理心: 5  
指导性: 5","帮助性: 5  
连贯性: 5  
同理心: 5  
指导性: 5","帮助性: 5  
连贯性: 5  
同理心: 5  
指导性: 5","帮助性: 5  
连贯性: 5  
同理心: 5  
指导性: 5",,,
302,"帮助性: 5  
连贯性: 5  
同理心: 5  
指导性: 5","帮助性: 5  
连贯性: 5  
同理心: 5  
指导性: 5","帮助性: 5  
连贯性: 5  
同理心: 5  
指导性: 5","帮助性: 5  
连贯性: 5  
同理心: 5  
指导性: 5","帮助性: 5  
连贯性: 5  
同理心: 5  
指导性: 5","帮助性: 5  
连贯性: 5  
同理心: 5  
指导性: 5",,,
303,"帮助性: 5  
连贯性: 5  
同理心: 5  
指导性: 5","帮助性: 5  
连贯性: 5  
同理心: 5  
指导性: 5","帮助性: 5  
连贯性: 5  
同理心: 5  
指导性: 5","帮助性: 5  
连贯性: 5  
同理心: 5  
指导性: 5","帮助性: 5  
连贯性: 5  
同理心: 5  
指导性: 5","帮助性: 5  
连贯性: 5  
同理心: 5  
指导性: 5",,,
304,"帮助性: 5  
连贯性: 4  
同理心: 5  
指导性: 4","帮助性: 5  
连贯性: 5  
同理心: 5  
指导性: 5","帮助性: 5
连贯性: 5
同理心: 5
指导性: 5","帮助性: 5  
连贯性: 5  
同理心: 5  
指导性: 5","帮助性: 5  
连贯性: 5  
同理心: 5  
指导性: 5","帮助性: 5  
连贯性: 5  
同理心: 5  
指导性: 5",,,
305,"帮助性: 5  
连贯性: 5  
同理心: 5  
指导性: 5","帮助性: 5  
连贯性: 5  
同理心: 5  
指导性: 5","帮助性: 5  
连贯性: 5  
同理心: 5  
指导性: 5","帮助性: 5  
连贯性: 5  
同理心: 5  
指导性: 5","帮助性: 5  
连贯性: 5  
同理心: 5  
指导性: 5","帮助性: 5  
连贯性: 5  
同理心: 5  
指导性: 5",,,
306,"帮助性: 5  
连贯性: 5  
同理心: 5  
指导性: 5","帮助性: 5  
连贯性: 5  
同理心: 5  
指导性: 5","帮助性: 5  
连贯性: 5  
同理心: 5  
指导性: 5","帮助性: 5  
连贯性: 5  
同理心: 5  
指导性: 5","帮助性: 5  
连贯性: 5  
同理心: 5  
指导性: 5","帮助性: 5  
连贯性: 5  
同理心: 5  
指导性: 5",,,
307,"帮助性: 5  
连贯性: 5  
同理心: 5  
指导性: 5","帮助性: 5  
连贯性: 5  
同理心: 5  
指导性: 5","帮助性: 5  
连贯性: 5  
同理心: 5  
指导性: 5","帮助性: 5  
连贯性: 5  
同理心: 5  
指导性: 5","帮助性: 5  
连贯性: 5  
同理心: 5  
指导性: 5","帮助性: 5  
连贯性: 5  
同理心: 5  
指导性: 5",,,
308,"帮助性: 4  
连贯性: 5  
同理心: 5  
指导性: 4","帮助性: 5  
连贯性: 5  
同理心: 5  
指导性: 5","帮助性: 5  
连贯性: 5  
同理心: 5  
指导性: 5","帮助性: 5  
连贯性: 5  
同理心: 5  
指导性: 5","帮助性: 5  
连贯性: 5  
同理心: 5  
指导性: 5","帮助性: 5  
连贯性: 5  
同理心: 5  
指导性: 5",,,
309,"帮助性: 5  
连贯性: 5  
同理心: 5  
指导性: 5","帮助性: 5  
连贯性: 5  
同理心: 5  
指导性: 5","帮助性: 5  
连贯性: 5  
同理心: 5  
指导性: 5","帮助性: 5  
连贯性: 5  
同理心: 5  
指导性: 5","帮助性: 5  
连贯性: 5  
同理心: 5  
指导性: 5","帮助性: 5  
连贯性: 5  
同理心: 5  
指导性: 5",,,
310,"帮助性: 5  
连贯性: 5  
同理心: 5  
指导性: 5","帮助性: 5  
连贯性: 5  
同理心: 5  
指导性: 5","帮助性: 5  
连贯性: 5  
同理心: 5  
指导性: 5","帮助性: 5  
连贯性: 5  
同理心: 5  
指导性: 5","帮助性: 5  
连贯性: 5  
同理心: 5  
指导性: 5","帮助性: 5  
连贯性: 5  
同理心: 5  
指导性: 5",,,
311,"帮助性: 5  
连贯性: 5  
同理心: 5  
指导性: 5","帮助性: 5  
连贯性: 5  
同理心: 5  
指导性: 5","帮助性: 5  
连贯性: 5  
同理心: 5  
指导性: 5","帮助性: 5  
连贯性: 5  
同理心: 5  
指导性: 5","帮助性: 5  
连贯性: 5  
同理心: 5  
指导性: 5","帮助性: 5  
连贯性: 5  
同理心: 5  
指导性: 5",,,
312,"帮助性: 5  
连贯性: 5  
同理心: 5  
指导性: 5","帮助性: 5  
连贯性: 5  
同理心: 5  
指导性: 5","帮助性: 5  
连贯性: 5  
同理心: 5  
指导性: 5","帮助性: 5  
连贯性: 5  
同理心: 5  
指导性: 5","帮助性: 5
连贯性: 5
同理心: 5
指导性: 5","帮助性: 5  
连贯性: 5  
同理心: 5  
指导性: 5",,,
313,"帮助性: 4  
连贯性: 5  
同理心: 5  
指导性: 4","帮助性: 5  
连贯性: 5  
同理心: 5  
指导性: 5","帮助性: 5  
连贯性: 5  
同理心: 5  
指导性: 5","帮助性: 5  
连贯性: 5  
同理心: 5  
指导性: 5","帮助性: 5  
连贯性: 5  
同理心: 5  
指导性: 5","帮助性: 5  
连贯性: 5  
同理心: 5  
指导性: 5",,,
314,"帮助性: 5  
连贯性: 5  
同理心: 5  
指导性: 5","帮助性: 5  
连贯性: 5  
同理心: 5  
指导性: 5","帮助性: 5  
连贯性: 5  
同理心: 5  
指导性: 5","帮助性: 5  
连贯性: 5  
同理心: 5  
指导性: 5","帮助性: 5  
连贯性: 5  
同理心: 5  
指导性: 5","帮助性: 5  
连贯性: 5  
同理心: 5  
指导性: 5",,,
315,"帮助性: 5  
连贯性: 5  
同理心: 5  
指导性: 5","帮助性: 5  
连贯性: 5  
同理心: 5  
指导性: 5","帮助性: 5  
连贯性: 5  
同理心: 5  
指导性: 5","帮助性: 5  
连贯性: 5  
同理心: 5  
指导性: 5","帮助性: 5  
连贯性: 5  
同理心: 5  
指导性: 5",,,,
316,"帮助性: 5  
连贯性: 5  
同理心: 5  
指导性: 5","帮助性: 5  
连贯性: 5  
同理心: 5  
指导性: 5","帮助性: 5  
连贯性: 5  
同理心: 5  
指导性: 5","帮助性: 5  
连贯性: 5  
同理心: 5  
指导性: 5","帮助性: 5  
连贯性: 5  
同理心: 5  
指导性: 5","帮助性: 5  
连贯性: 5  
同理心: 5  
指导性: 5",,,
317,"帮助性: 5  
连贯性: 5  
同理心: 5  
指导性: 5","帮助性: 5  
连贯性: 5  
同理心: 5  
指导性: 5","帮助性: 5  
连贯性: 5  
同理心: 5  
指导性: 5","帮助性: 5  
连贯性: 5  
同理心: 5  
指导性: 5","帮助性: 5  
连贯性: 5  
同理心: 5  
指导性: 5","帮助性: 5  
连贯性: 5  
同理心: 5  
指导性: 5",,,
318,"帮助性: 5  
连贯性: 5  
同理心: 5  
指导性: 5","帮助性: 5  
连贯性: 5  
同理心: 5  
指导性: 5","帮助性: 5  
连贯性: 5  
同理心: 5  
指导性: 5","帮助性: 5  
连贯性: 5  
同理心: 5  
指导性: 5","帮助性: 5  
连贯性: 5  
同理心: 5  
指导性: 5","帮助性: 5  
连贯性: 5  
同理心: 5  
指导性: 5",,,
319,"帮助性: 5  
连贯性: 5  
同理心: 5  
指导性: 5","帮助性: 5  
连贯性: 5  
同理心: 5  
指导性: 5","帮助性: 5  
连贯性: 5  
同理心: 5  
指导性: 5","帮助性: 5  
连贯性: 5  
同理心: 5  
指导性: 5","帮助性: 5  
连贯性: 5  
同理心: 5  
指导性: 5","帮助性: 5  
连贯性: 5  
同理心: 5  
指导性: 5",,,
320,"帮助性: 5  
连贯性: 5  
同理心: 5  
指导性: 5","帮助性: 5  
连贯性: 5  
同理心: 5  
指导性: 5","帮助性: 5  
连贯性: 5  
同理心: 5  
指导性: 5","帮助性: 5  
连贯性: 5  
同理心: 5  
指导性: 5","帮助性: 5  
连贯性: 5  
同理心: 5  
指导性: 5","帮助性: 5  
连贯性: 5  
同理心: 5  
指导性: 5",,,
321,"帮助性: 5  
连贯性: 5  
同理心: 5  
指导性: 5","帮助性: 5  
连贯性: 5  
同理心: 5  
指导性: 5","帮助性: 5  
连贯性: 5  
同理心: 5  
指导性: 5","帮助性: 5  
连贯性: 5  
同理心: 5  
指导性: 5","帮助性: 5  
连贯性: 5  
同理心: 5  
指导性: 5","帮助性: 5  
连贯性: 5  
同理心: 5  
指导性: 5",,,
322,"帮助性: 5  
连贯性: 5  
同理心: 5  
指导性: 5","帮助性: 5  
连贯性: 5  
同理心: 5  
指导性: 5","帮助性: 5  
连贯性: 5  
同理心: 5  
指导性: 5","帮助性: 5  
连贯性: 5  
同理心: 5  
指导性: 5","帮助性: 5  
连贯性: 5  
同理心: 5  
指导性: 5","帮助性: 5  
连贯性: 5  
同理心: 5  
指导性: 5",,,
323,"帮助性: 5  
连贯性: 5  
同理心: 5  
指导性: 5","帮助性: 5  
连贯性: 5  
同理心: 5  
指导性: 5","帮助性: 5  
连贯性: 5  
同理心: 5  
指导性: 5","帮助性: 5  
连贯性: 5  
同理心: 5  
指导性: 5","帮助性: 5  
连贯性: 5  
同理心: 5  
指导性: 5","帮助性: 5  
连贯性: 5  
同理心: 5  
指导性: 5",,,
324,"帮助性: 5  
连贯性: 5  
同理心: 5  
指导性: 5","帮助性: 5  
连贯性: 5  
同理心: 5  
指导性: 5","帮助性: 5  
连贯性: 5  
同理心: 5  
指导性: 5","帮助性: 5  
连贯性: 5  
同理心: 5  
指导性: 5","帮助性: 5  
连贯性: 5  
同理心: 5  
指导性: 5","帮助性: 5  
连贯性: 5  
同理心: 5  
指导性: 5",,,
325,"帮助性: 5  
连贯性: 5  
同理心: 5  
指导性: 5","帮助性: 5  
连贯性: 5  
同理心: 5  
指导性: 5","帮助性: 5  
连贯性: 5  
同理心: 5  
指导性: 5","帮助性: 5  
连贯性: 5  
同理心: 5  
指导性: 5","帮助性: 5  
连贯性: 5  
同理心: 5  
指导性: 5","帮助性: 5  
连贯性: 5  
同理心: 5  
指导性: 5",,,
326,"帮助性: 5  
连贯性: 5  
同理心: 5  
指导性: 5","帮助性: 5  
连贯性: 5  
同理心: 5  
指导性: 5","帮助性: 5  
连贯性: 5  
同理心: 5  
指导性: 5","帮助性: 5  
连贯性: 5  
同理心: 5  
指导性: 5","帮助性: 5  
连贯性: 5  
同理心: 5  
指导性: 5","帮助性: 5
连贯性: 5
同理心: 5
指导性: 5",,,
327,"帮助性: 5  
连贯性: 5  
同理心: 5  
指导性: 5","帮助性: 5  
连贯性: 5  
同理心: 5  
指导性: 5","帮助性: 5  
连贯性: 5  
同理心: 5  
指导性: 5","帮助性: 5  
连贯性: 5  
同理心: 5  
指导性: 5","帮助性: 5  
连贯性: 5  
同理心: 5  
指导性: 5","帮助性: 5  
连贯性: 5  
同理心: 5  
指导性: 5",,,
328,"帮助性: 5  
连贯性: 5  
同理心: 5  
指导性: 5","帮助性: 5  
连贯性: 5  
同理心: 5  
指导性: 5","帮助性: 5  
连贯性: 5  
同理心: 5  
指导性: 5","帮助性: 5  
连贯性: 5  
同理心: 5  
指导性: 5","帮助性: 5  
连贯性: 5  
同理心: 5  
指导性: 5","帮助性: 5  
连贯性: 5  
同理心: 5  
指导性: 5",,,
329,"帮助性: 5  
连贯性: 5  
同理心: 5  
指导性: 5","帮助性: 5  
连贯性: 5  
同理心: 5  
指导性: 5","帮助性: 5  
连贯性: 5  
同理心: 5  
指导性: 5","帮助性: 5  
连贯性: 5  
同理心: 5  
指导性: 5","帮助性: 5  
连贯性: 5  
同理心: 5  
指导性: 5","帮助性: 5  
连贯性: 5  
同理心: 5  
指导性: 5",,,
330,"帮助性: 5  
连贯性: 5  
同理心: 5  
指导性: 5","帮助性: 5  
连贯性: 5  
同理心: 5  
指导性: 5","帮助性: 5  
连贯性: 5  
同理心: 5  
指导性: 5","帮助性: 5  
连贯性: 5  
同理心: 5  
指导性: 5","帮助性: 5  
连贯性: 5  
同理心: 5  
指导性: 5","帮助性: 5  
连贯性: 5  
同理心: 5  
指导性: 5",,,
331,"帮助性: 5  
连贯性: 5  
同理心: 5  
指导性: 5","帮助性: 5  
连贯性: 5  
同理心: 5  
指导性: 5","帮助性: 5  
连贯性: 5  
同理心: 5  
指导性: 5","帮助性: 5  
连贯性: 5  
同理心: 5  
指导性: 5","帮助性: 5  
连贯性: 5  
同理心: 5  
指导性: 5","帮助性: 5  
连贯性: 5  
同理心: 5  
指导性: 5",,,
